Task,Priority,Owner,Status,Start date,End date,Milestone,Deliverable,Notes
Python Environment Setup,P1,ymo,Not started,2024-12-17,2024-12-24,,,"Effort: , Estimated Days: nan"
SQLite Basics,P1,ymo,Not started,2024-12-17,2024-12-24,,,"Effort: , Estimated Days: nan"
Package Management,P1,ymo,Not started,2024-12-17,2024-12-24,,,"Effort: , Estimated Days: nan"
Virtual Environments,P1,ymo,Not started,2024-12-17,2024-12-24,,,"Effort: , Estimated Days: nan"
Git Basics,P1,ymo,Not started,2024-12-17,2024-12-24,,,"Effort: , Estimated Days: nan"
IDE Setup,P1,ymo,Not started,2024-12-17,2024-12-24,,,"Effort: , Estimated Days: nan"
Directory Structure,P1,ymo,Not started,2024-12-17,2024-12-24,,,"Effort: , Estimated Days: nan"
SQLAlchemy Basics,P1,ymo,Not started,2024-12-24,2024-12-31,,,"Effort: , Estimated Days: nan"
Database Design,P1,ymo,Not started,2024-12-24,2024-12-31,,,"Effort: , Estimated Days: nan"
Data Loading Scripts,P1,ymo,Not started,2024-12-24,2024-12-31,,,"Effort: , Estimated Days: nan"
Error Handling,P1,ymo,Not started,2024-12-24,2024-12-31,,,"Effort: , Estimated Days: nan"
Data Validation,P1,ymo,Not started,2024-12-24,2024-12-31,,,"Effort: , Estimated Days: nan"
Database Relationships,P1,ymo,Not started,2024-12-24,2024-12-31,,,"Effort: , Estimated Days: nan"
Query Optimization,P1,ymo,Not started,2024-12-24,2024-12-31,,,"Effort: , Estimated Days: nan"
Pandas Basics,P1,ymo,Not started,2024-12-31,2025-01-07,,,"Effort: , Estimated Days: nan"
Data Cleaning,P1,ymo,Not started,2024-12-31,2025-01-07,,,"Effort: , Estimated Days: nan"
Data Analysis,P1,ymo,Not started,2024-12-31,2025-01-07,,,"Effort: , Estimated Days: nan"
Matplotlib,P1,ymo,Not started,2024-12-31,2025-01-07,,,"Effort: , Estimated Days: nan"
Seaborn,P1,ymo,Not started,2024-12-31,2025-01-07,,,"Effort: , Estimated Days: nan"
Plotly,P1,ymo,Not started,2024-12-31,2025-01-07,,,"Effort: , Estimated Days: nan"
Dashboard Creation,P1,ymo,Not started,2024-12-31,2025-01-07,,,"Effort: , Estimated Days: nan"
Code Integration,P1,ymo,Not started,2025-01-07,2025-01-14,,,"Effort: , Estimated Days: nan"
Testing,P1,ymo,Not started,2025-01-07,2025-01-14,,,"Effort: , Estimated Days: nan"
Documentation,P1,ymo,Not started,2025-01-07,2025-01-14,,,"Effort: , Estimated Days: nan"
Logging,P1,ymo,Not started,2025-01-07,2025-01-14,,,"Effort: , Estimated Days: nan"
Performance Optimization,P1,ymo,Not started,2025-01-07,2025-01-14,,,"Effort: , Estimated Days: nan"
Deployment,P1,ymo,Not started,2025-01-07,2025-01-14,,,"Effort: , Estimated Days: nan"
Automation,P1,ymo,Not started,2025-01-07,2025-01-14,,,"Effort: , Estimated Days: nan"
Best Practices,P1,ymo,Not started,2025-01-07,2025-01-14,,,"Effort: , Estimated Days: nan"
Final Review,P1,ymo,Not started,2025-01-07,2025-01-14,,,"Effort: , Estimated Days: nan"
